,GLD,GLD,GLD,GLD,GLD
,open,high,low,close,volume
time,,,,,
2017-05-25 00:00:00-04:00,119.52,119.695,119.29,119.5,3103635
2017-05-26 00:00:00-04:00,120.49,120.79,120.33,120.55,5243931
2017-05-30 00:00:00-04:00,120.24,120.33,119.95,120.15,3515511
2017-05-31 00:00:00-04:00,120.31,121.23,120.26,120.62,7322702
2017-06-01 00:00:00-04:00,120.17,120.74,120.06,120.66,5770680
2017-06-02 00:00:00-04:00,121.31,121.71,121.19,121.61,5556753
2017-06-05 00:00:00-04:00,121.91,121.94,121.58,121.73,2902974
2017-06-06 00:00:00-04:00,123.09,123.31,122.77,123.11,7797844
2017-06-07 00:00:00-04:00,122.79,123.16,122.015,122.46,6719006
2017-06-08 00:00:00-04:00,122.07,122.07,120.95,121.65,6733460
2017-06-09 00:00:00-04:00,120.45,120.91,120.4,120.56,6081994
2017-06-12 00:00:00-04:00,120.33,120.685,120.265,120.34,4168566
2017-06-13 00:00:00-04:00,119.95,120.71,119.92,120.5,3176736
2017-06-14 00:00:00-04:00,121.52,121.88,119.57,119.85,16762765
2017-06-15 00:00:00-04:00,119.22,119.5,119.1275,119.32,5442718
2017-06-16 00:00:00-04:00,119.35,119.5,119.24,119.31,3540899
2017-06-19 00:00:00-04:00,118.74,118.84,118.33,118.41,5439256
2017-06-20 00:00:00-04:00,118.42,118.46,118.07,118.19,3419208
2017-06-21 00:00:00-04:00,118.15,118.66,118.15,118.54,3534885
2017-06-22 00:00:00-04:00,119.13,119.1978,118.6,118.92,5045674
2017-06-23 00:00:00-04:00,119.65,119.66,119.31,119.44,6557565
2017-06-26 00:00:00-04:00,118.29,118.535,118.17,118.36,5093456
2017-06-27 00:00:00-04:00,118.87,119.05,118.481,118.79,4165162
2017-06-28 00:00:00-04:00,119.06,119.06,118.685,118.91,3210870
2017-06-29 00:00:00-04:00,117.97,118.64,117.91,118.32,6396279
2017-06-30 00:00:00-04:00,118.08,118.41,117.95,118.03,6001874
2017-07-03 00:00:00-04:00,116.54,116.85,115.94,116.04,10277775
2017-07-05 00:00:00-04:00,115.91,116.67,115.87,116.54,5597580
2017-07-06 00:00:00-04:00,116.58,116.61,116.24,116.46,3636083
2017-07-07 00:00:00-04:00,115.78,115.79,114.8,115.27,9410562
2017-07-10 00:00:00-04:00,115.02,115.57,114.83,115.46,3970235
2017-07-11 00:00:00-04:00,115.26,115.77,114.88,115.64,4087140
2017-07-12 00:00:00-04:00,116.21,116.33,115.87,116.01,3578961
2017-07-13 00:00:00-04:00,116.04,116.04,115.67,115.82,3624459
2017-07-14 00:00:00-04:00,117.04,117.25,116.64,116.78,4059340
2017-07-17 00:00:00-04:00,117.42,117.53,117.23,117.29,4097740
2017-07-18 00:00:00-04:00,117.99,118.33,117.88,118.09,5886271
2017-07-19 00:00:00-04:00,118.18,118.27,117.8363,118.05,2450127
2017-07-20 00:00:00-04:00,117.92,118.62,117.66,118.25,4775127
2017-07-21 00:00:00-04:00,119.0,119.39,118.751,119.25,8041340
2017-07-24 00:00:00-04:00,119.52,119.5762,119.18,119.33,3022444
2017-07-25 00:00:00-04:00,118.99,119.32,118.79,118.92,4756182
2017-07-26 00:00:00-04:00,118.57,120.15,118.55,119.9,6912324
2017-07-27 00:00:00-04:00,120.1,120.14,119.28,119.81,5206957
2017-07-28 00:00:00-04:00,120.15,120.8558,120.14,120.7,5868335
2017-07-31 00:00:00-04:00,120.5,120.805,120.45,120.73,3145984
2017-08-01 00:00:00-04:00,120.44,121.14,120.44,120.64,5511369
2017-08-02 00:00:00-04:00,120.51,121.02,120.34,120.42,4736132
2017-08-03 00:00:00-04:00,120.31,120.83,120.31,120.59,3301218
2017-08-04 00:00:00-04:00,119.97,120.039,119.2201,119.65,6234518
2017-08-07 00:00:00-04:00,119.44,119.79,119.43,119.51,2274122
2017-08-08 00:00:00-04:00,120.02,120.12,118.97,119.88,5887434
2017-08-09 00:00:00-04:00,121.02,121.55,120.76,121.3,7330861
2017-08-10 00:00:00-04:00,122.08,122.44,122.03,122.23,7670162
2017-08-11 00:00:00-04:00,122.24,122.83,122.03,122.78,6246531
2017-08-14 00:00:00-04:00,121.98,122.24,121.6845,121.89,4065078
2017-08-15 00:00:00-04:00,120.6,121.2299,120.5828,120.97,4934039
2017-08-16 00:00:00-04:00,120.67,122.06,120.66,121.85,6494404
2017-08-17 00:00:00-04:00,122.29,122.6099,121.76,122.51,6351738
2017-08-18 00:00:00-04:00,123.36,123.54,122.0,122.27,11628518
2017-08-21 00:00:00-04:00,122.54,122.981,122.5,122.77,4573436
2017-08-22 00:00:00-04:00,122.56,122.56,121.85,122.21,4272199
2017-08-23 00:00:00-04:00,122.58,122.69,122.31,122.66,2859023
2017-08-24 00:00:00-04:00,122.39,122.64,122.13,122.27,2914808
2017-08-25 00:00:00-04:00,122.77,123.02,121.29,122.745,11195955
2017-08-28 00:00:00-04:00,123.33,124.73,123.33,124.68,8912827
2017-08-29 00:00:00-04:00,125.81,125.87,124.0545,124.42,8496223
2017-08-30 00:00:00-04:00,124.33,124.62,124.16,124.3492,4974213
2017-08-31 00:00:00-04:00,124.58,125.84,124.55,125.84,9150243
2017-09-01 00:00:00-04:00,126.01,126.17,125.12,126.06,8334772
2017-09-05 00:00:00-04:00,126.65,127.78,126.57,127.46,8791531
2017-09-06 00:00:00-04:00,127.34,127.44,126.55,126.82,6829598
2017-09-07 00:00:00-04:00,127.57,128.32,127.39,128.14,7390006
2017-09-08 00:00:00-04:00,128.2,128.3,127.59,127.98,6040239
2017-09-11 00:00:00-04:00,126.74,126.94,126.045,126.17,6213219
2017-09-12 00:00:00-04:00,126.03,126.59,125.94,126.55,5560218
2017-09-13 00:00:00-04:00,126.4,126.45,125.5,125.6,5619723
2017-09-14 00:00:00-04:00,125.66,126.44,125.62,126.16,3755010
2017-09-15 00:00:00-04:00,125.99,125.99,125.41,125.52,5463765
2017-09-18 00:00:00-04:00,124.71,124.76,123.965,124.35,6857926
2017-09-19 00:00:00-04:00,124.49,124.65,124.03,124.59,4122598
2017-09-20 00:00:00-04:00,124.68,125.0599,123.15,123.6,9968456
2017-09-21 00:00:00-04:00,122.57,123.07,122.49,122.67,6735925
2017-09-22 00:00:00-04:00,123.03,123.39,122.9348,123.24,4659985
2017-09-25 00:00:00-04:00,122.78,124.66,122.71,124.54,8965635
2017-09-26 00:00:00-04:00,123.57,123.81,122.9,123.13,6830345
2017-09-27 00:00:00-04:00,122.04,122.51,121.88,121.99,5582835
2017-09-28 00:00:00-04:00,122.04,122.475,121.83,122.23,4713866
2017-09-29 00:00:00-04:00,122.29,122.3,121.55,121.601,6714751
2017-10-02 00:00:00-04:00,121.17,121.34,120.74,120.76,8597785
2017-10-03 00:00:00-04:00,120.72,121.1,120.7041,120.84,2870112
2017-10-04 00:00:00-04:00,121.21,121.27,120.7101,121.17,5185478
2017-10-05 00:00:00-04:00,121.15,121.24,120.395,120.51,4958899
2017-10-06 00:00:00-04:00,120.26,121.21,119.7835,121.11,7703241
2017-10-09 00:00:00-04:00,121.64,122.11,121.551,122.07,3863301
2017-10-10 00:00:00-04:00,122.61,122.97,122.36,122.39,5828818
2017-10-11 00:00:00-04:00,122.57,122.88,122.03,122.8,4731225
2017-10-12 00:00:00-04:00,122.84,123.035,122.5,122.885,2559270
2017-10-13 00:00:00-04:00,123.66,123.86,123.34,123.84,5326268
2017-10-16 00:00:00-04:00,123.82,123.97,122.57,122.98,6970391
2017-10-17 00:00:00-04:00,122.02,122.32,121.73,122.13,5293645
2017-10-18 00:00:00-04:00,121.71,121.94,121.55,121.66,3004194
2017-10-19 00:00:00-04:00,122.2,122.55,122.111,122.38,4433616
2017-10-20 00:00:00-04:00,121.68,121.98,121.39,121.601,5808931
2017-10-23 00:00:00-04:00,120.98,121.9,120.96,121.81,4305379
2017-10-24 00:00:00-04:00,121.26,121.71,120.98,121.33,4059885
2017-10-25 00:00:00-04:00,121.31,121.5899,120.84,121.34,3536592
2017-10-26 00:00:00-04:00,121.16,121.16,120.22,120.33,5119489
2017-10-27 00:00:00-04:00,120.38,120.99,120.21,120.89,5069164
2017-10-30 00:00:00-04:00,120.93,121.47,120.8,121.13,3840455
2017-10-31 00:00:00-04:00,120.82,120.84,120.38,120.68,2836820
2017-11-01 00:00:00-04:00,120.98,121.55,120.835,121.11,3789409
2017-11-02 00:00:00-04:00,121.29,121.96,121.05,121.2,4476770
2017-11-03 00:00:00-04:00,121.36,121.43,120.1844,120.63,4545275
2017-11-06 00:00:00-05:00,120.72,121.85,120.68,121.65,5425015
2017-11-07 00:00:00-05:00,121.51,121.56,120.78,121.2,3592619
2017-11-08 00:00:00-05:00,121.94,122.25,121.59,121.64,4574706
2017-11-09 00:00:00-05:00,121.85,122.41,121.73,122.14,4822491
2017-11-10 00:00:00-05:00,121.99,122.11,120.935,121.14,6080129
2017-11-13 00:00:00-05:00,121.43,121.55,121.27,121.32,4735666
2017-11-14 00:00:00-05:00,120.9,121.91,120.77,121.57,5106337
2017-11-15 00:00:00-05:00,122.13,122.36,121.25,121.41,3744598
2017-11-16 00:00:00-05:00,121.45,121.71,121.29,121.4,2219847
2017-11-17 00:00:00-05:00,122.17,123.17,121.95,122.85,8455905
2017-11-20 00:00:00-05:00,122.3,122.41,121.04,121.3,6547997
2017-11-21 00:00:00-05:00,121.67,122.0,121.5,121.53,3545103
2017-11-22 00:00:00-05:00,122.26,122.95,122.17,122.63,4139780
2017-11-24 00:00:00-05:00,122.36,122.61,122.22,122.32,1241715
2017-11-27 00:00:00-05:00,123.26,123.33,122.67,122.85,4071623
2017-11-28 00:00:00-05:00,123.05,123.17,122.53,122.8,5044658
2017-11-29 00:00:00-05:00,122.24,122.33,121.74,122.05,4909914
2017-11-30 00:00:00-05:00,121.44,121.695,120.64,121.08,6637180
2017-12-01 00:00:00-05:00,120.94,122.43,120.74,121.59,11759744
2017-12-04 00:00:00-05:00,121.15,121.2,120.84,121.18,4743974
2017-12-05 00:00:00-05:00,120.44,120.505,119.72,120.3,7642020
2017-12-06 00:00:00-05:00,120.03,120.44,119.87,120.07,3929924
2017-12-07 00:00:00-05:00,119.01,119.24,118.1,118.51,9551737
2017-12-08 00:00:00-05:00,118.63,118.92,118.33,118.49,4375401
2017-12-11 00:00:00-05:00,118.37,118.54,117.8,118.02,3866157
2017-12-12 00:00:00-05:00,117.73,118.17,117.4,118.15,5690336
2017-12-13 00:00:00-05:00,118.19,119.35,118.01,119.17,8339413
2017-12-14 00:00:00-05:00,119.1,119.285,118.705,118.94,4710921
2017-12-15 00:00:00-05:00,119.41,119.5,118.97,119.19,5740030
2017-12-18 00:00:00-05:00,119.63,119.99,119.6,119.74,4184945
2017-12-19 00:00:00-05:00,119.67,119.9,119.53,119.82,3284274
2017-12-20 00:00:00-05:00,119.98,120.36,119.81,120.14,4196778
2017-12-21 00:00:00-05:00,120.07,120.45,120.0,120.32,3737348
2017-12-22 00:00:00-05:00,120.67,121.14,120.57,120.95,4640317
2017-12-26 00:00:00-05:00,121.55,121.87,121.51,121.78,6062943
2017-12-27 00:00:00-05:00,122.0,122.34,121.875,122.24,4340080
2017-12-28 00:00:00-05:00,122.82,122.92,122.56,122.84,4187044
2017-12-29 00:00:00-05:00,123.7,124.085,123.46,123.67,6160024
2018-01-02 00:00:00-05:00,124.66,125.18,124.39,125.15,8614476
2018-01-03 00:00:00-05:00,125.05,125.09,124.101,124.82,6560215
2018-01-04 00:00:00-05:00,124.89,125.85,124.74,125.46,5822239
2018-01-05 00:00:00-05:00,124.93,125.48,124.83,125.32,4582048
2018-01-08 00:00:00-05:00,125.2,125.32,124.9,125.31,2744331
2018-01-09 00:00:00-05:00,124.49,124.86,124.23,124.71,6955358
2018-01-10 00:00:00-05:00,125.17,125.31,124.72,125.0239,9009832
2018-01-11 00:00:00-05:00,125.37,125.66,125.25,125.44,4251344
2018-01-12 00:00:00-05:00,126.01,127.13,125.81,126.975,7474319
2018-01-16 00:00:00-05:00,126.6,127.18,126.4,127.17,6614262
2018-01-17 00:00:00-05:00,126.77,127.22,125.9,126.14,8772608
2018-01-18 00:00:00-05:00,126.13,126.52,125.8,125.85,5280076
2018-01-19 00:00:00-05:00,126.57,126.73,126.415,126.43,5304133
2018-01-22 00:00:00-05:00,126.51,126.75,126.28,126.65,4157474
2018-01-23 00:00:00-05:00,126.53,127.35,126.34,127.25,4884868
2018-01-24 00:00:00-05:00,128.39,129.265,128.2338,128.84,9243968
2018-01-25 00:00:00-05:00,128.69,129.515,127.36,127.92,12145126
2018-01-26 00:00:00-05:00,128.24,128.52,127.97,128.06,6616384
2018-01-29 00:00:00-05:00,127.58,127.63,126.915,127.34,5370049
2018-01-30 00:00:00-05:00,127.91,127.9167,126.74,126.79,8065959
2018-01-31 00:00:00-05:00,127.45,127.85,126.4,127.67,10972680
2018-02-01 00:00:00-05:00,127.18,128.15,127.08,128.07,7065768
2018-02-02 00:00:00-05:00,126.81,126.85,125.955,126.39,11082857
2018-02-05 00:00:00-05:00,126.82,127.31,126.44,126.74,9970977
2018-02-06 00:00:00-05:00,126.54,126.55,125.22,125.39,14828743
2018-02-07 00:00:00-05:00,125.48,125.77,124.41,124.79,6646442
2018-02-08 00:00:00-05:00,124.92,125.44,124.51,125.0,6110694
2018-02-09 00:00:00-05:00,124.65,125.14,124.39,124.75,8333313
2018-02-12 00:00:00-05:00,125.19,125.82,125.11,125.36,5025295
2018-02-13 00:00:00-05:00,125.67,126.18,125.52,126.09,4443209
2018-02-14 00:00:00-05:00,126.47,128.59,126.29,128.25,12549221
2018-02-15 00:00:00-05:00,128.43,128.569,127.94,128.39,6300173
2018-02-16 00:00:00-05:00,128.3,128.7,127.5689,127.95,6370175
2018-02-20 00:00:00-05:00,127.29,127.4,126.04,126.25,7724145
2018-02-21 00:00:00-05:00,126.36,126.76,125.44,125.67,6760461
2018-02-22 00:00:00-05:00,125.92,126.37,125.88,126.3,3254194
2018-02-23 00:00:00-05:00,126.06,126.3,125.85,126.11,2700204
2018-02-26 00:00:00-05:00,126.45,126.62,126.18,126.45,2713123
2018-02-27 00:00:00-05:00,126.06,126.15,124.59,125.12,5638644
2018-02-28 00:00:00-05:00,125.09,125.46,124.81,124.97,3209549
2018-03-01 00:00:00-05:00,124.15,125.31,123.575,124.73,10623885
2018-03-02 00:00:00-05:00,125.67,125.69,124.97,125.39,5639558
2018-03-05 00:00:00-05:00,125.35,125.48,124.96,125.17,2999723
2018-03-06 00:00:00-05:00,126.2,126.9563,126.13,126.52,5793846
2018-03-07 00:00:00-05:00,126.22,126.29,125.42,125.7,4339820
2018-03-08 00:00:00-05:00,125.69,125.7,125.125,125.41,2932541
2018-03-09 00:00:00-05:00,124.94,125.69,124.78,125.54,3942543
2018-03-12 00:00:00-04:00,125.04,125.57,124.84,125.54,1837709
2018-03-13 00:00:00-04:00,125.67,125.99,125.05,125.74,3700836
2018-03-14 00:00:00-04:00,125.49,125.76,125.34,125.69,2486835
2018-03-15 00:00:00-04:00,125.12,125.21,124.72,124.87,4160744
2018-03-16 00:00:00-04:00,124.84,124.87,124.21,124.58,4386938
2018-03-19 00:00:00-04:00,124.57,125.16,124.42,124.88,3889690
2018-03-20 00:00:00-04:00,124.41,124.55,123.96,124.29,2738952
2018-03-21 00:00:00-04:00,125.4,126.76,125.03,126.45,10924788
2018-03-22 00:00:00-04:00,126.09,126.34,125.64,125.98,4000020
2018-03-23 00:00:00-04:00,127.82,128.06,127.4054,127.6,9125576
2018-03-26 00:00:00-04:00,128.05,128.58,128.0107,128.28,5007568
2018-03-27 00:00:00-04:00,127.23,127.62,127.05,127.51,4498334
2018-03-28 00:00:00-04:00,126.48,126.61,125.51,125.73,6671135
2018-03-29 00:00:00-04:00,125.42,125.81,125.31,125.79,4065463
2018-04-02 00:00:00-04:00,126.65,127.54,126.375,127.27,9204118
2018-04-03 00:00:00-04:00,126.52,126.59,126.01,126.28,4669005
2018-04-04 00:00:00-04:00,127.5,127.53,126.32,126.43,3639195
2018-04-05 00:00:00-04:00,125.45,126.0825,125.425,125.81,3803285
2018-04-06 00:00:00-04:00,126.57,126.6,126.125,126.41,4808488
2018-04-09 00:00:00-04:00,126.45,126.86,126.23,126.8,3084953
2018-04-10 00:00:00-04:00,127.02,127.305,126.67,127.12,4548869
2018-04-11 00:00:00-04:00,128.09,129.47,127.78,128.11,10087201
2018-04-12 00:00:00-04:00,127.25,127.34,126.47,126.62,6280803
2018-04-13 00:00:00-04:00,127.07,127.75,127.03,127.46,5444759
2018-04-16 00:00:00-04:00,127.74,128.05,127.57,127.63,3041146
2018-04-17 00:00:00-04:00,127.02,127.78,127.001,127.75,2715484
2018-04-18 00:00:00-04:00,128.32,128.54,127.751,127.85,4621383
2018-04-19 00:00:00-04:00,127.81,127.8839,127.13,127.6,6748782
2018-04-20 00:00:00-04:00,126.69,126.97,126.55,126.62,6240196
2018-04-23 00:00:00-04:00,125.62,125.76,125.3412,125.62,4602391
2018-04-24 00:00:00-04:00,125.78,126.34,125.67,126.23,3540357
2018-04-25 00:00:00-04:00,125.23,125.51,125.06,125.405,3473856
2018-04-26 00:00:00-04:00,125.54,125.57,124.69,124.94,5622912
2018-04-27 00:00:00-04:00,125.2,125.62,125.17,125.49,4468856
2018-04-30 00:00:00-04:00,124.41,125.2,124.1901,124.6,7334021
2018-05-01 00:00:00-04:00,123.9,123.9882,123.39,123.7,6298787
2018-05-02 00:00:00-04:00,123.9,124.54,123.58,123.64,6845935
2018-05-03 00:00:00-04:00,124.66,124.76,124.24,124.28,3808360
2018-05-04 00:00:00-04:00,124.1,124.65,124.0,124.55,4994828
2018-05-07 00:00:00-04:00,124.5,124.7,124.3,124.58,2553767
2018-05-08 00:00:00-04:00,124.14,124.95,123.79,124.59,4917059
2018-05-09 00:00:00-04:00,124.45,124.87,124.24,124.34,3529346
2018-05-10 00:00:00-04:00,125.22,125.3724,124.75,125.17,3845919
2018-05-11 00:00:00-04:00,125.57,125.59,124.94,125.01,3185633
2018-05-14 00:00:00-04:00,125.16,125.21,124.44,124.48,3083030
2018-05-15 00:00:00-04:00,122.82,122.82,122.13,122.49,8161401
2018-05-16 00:00:00-04:00,122.38,122.61,122.03,122.3,3752596
2018-05-17 00:00:00-04:00,122.23,122.43,122.04,122.36,4628433
2018-05-18 00:00:00-04:00,122.05,122.65,122.01,122.4,4512186
2018-05-21 00:00:00-04:00,122.16,122.53,121.97,122.47,2957374
2018-05-22 00:00:00-04:00,122.7,122.74,122.34,122.42,2663777
2018-05-23 00:00:00-04:00,122.14,122.74,122.11,122.55,5434495
2018-05-24 00:00:00-04:00,123.1,123.82,123.08,123.6,7025331
2018-05-25 00:00:00-04:00,123.66,123.7,123.21,123.22,3717092
2018-05-29 00:00:00-04:00,122.84,123.64,122.66,123.21,6811627
2018-05-30 00:00:00-04:00,123.17,123.61,123.17,123.38,3146780
2018-05-31 00:00:00-04:00,123.26,123.78,123.1,123.11,5603793
2018-06-01 00:00:00-04:00,122.59,123.09,122.44,122.51,5980805
2018-06-04 00:00:00-04:00,122.85,122.93,122.38,122.38,3177053
2018-06-05 00:00:00-04:00,122.55,123.2257,122.281,122.86,5017029
2018-06-06 00:00:00-04:00,123.08,123.35,122.63,122.9,3378295
2018-06-07 00:00:00-04:00,122.96,123.145,122.69,122.87,2498000
2018-06-08 00:00:00-04:00,123.08,123.12,122.91,123.02,3109418
2018-06-11 00:00:00-04:00,123.1,123.42,123.0175,123.22,2661331
2018-06-12 00:00:00-04:00,122.95,123.18,122.64,122.82,5141712
2018-06-13 00:00:00-04:00,122.84,123.34,122.47,123.17,4941767
2018-06-14 00:00:00-04:00,123.63,123.86,123.32,123.39,5765471
2018-06-15 00:00:00-04:00,122.18,122.2,120.83,121.31,11430333
2018-06-18 00:00:00-04:00,121.35,121.44,120.99,121.12,2740883
2018-06-19 00:00:00-04:00,120.81,121.03,120.581,120.83,3177011
2018-06-20 00:00:00-04:00,120.79,120.81,120.16,120.27,3254970
2018-06-21 00:00:00-04:00,119.92,120.32,119.821,120.06,4077994
2018-06-22 00:00:00-04:00,120.22,120.4,120.1,120.35,2844490
2018-06-25 00:00:00-04:00,120.0,120.23,119.8299,119.89,4291975
2018-06-26 00:00:00-04:00,119.28,119.59,119.09,119.29,5870985
2018-06-27 00:00:00-04:00,118.96,119.05,118.48,118.59,4806887
2018-06-28 00:00:00-04:00,118.59,118.67,118.01,118.23,6458673
2018-06-29 00:00:00-04:00,118.43,118.94,118.26,118.65,4435192
2018-07-02 00:00:00-04:00,118.18,118.21,117.4,117.45,8976796
2018-07-03 00:00:00-04:00,118.4,119.08,118.38,118.66,6259523
2018-07-05 00:00:00-04:00,118.92,119.33,118.77,119.07,4203480
2018-07-06 00:00:00-04:00,118.97,119.03,118.731,118.86,2431563
2018-07-09 00:00:00-04:00,119.65,119.73,119.14,119.16,3370007
2018-07-10 00:00:00-04:00,118.88,119.0,118.61,118.9,3167618
2018-07-11 00:00:00-04:00,118.45,118.53,117.62,117.65,5514361
2018-07-12 00:00:00-04:00,118.0,118.2638,117.94,118.11,3328491
2018-07-13 00:00:00-04:00,117.62,117.75,117.4465,117.59,3716286
2018-07-16 00:00:00-04:00,117.51,117.625,117.28,117.54,3349718
2018-07-17 00:00:00-04:00,116.72,116.925,116.12,116.28,6987961
2018-07-18 00:00:00-04:00,116.03,116.35,115.83,116.28,4163761
2018-07-19 00:00:00-04:00,115.13,116.47,115.12,115.81,11635756
2018-07-20 00:00:00-04:00,116.4,116.71,116.24,116.57,5890965
2018-07-23 00:00:00-04:00,116.25,116.31,115.76,116.01,4106017
2018-07-24 00:00:00-04:00,116.22,116.43,115.91,116.03,3537742
2018-07-25 00:00:00-04:00,116.79,116.8366,116.27,116.68,4627275
2018-07-26 00:00:00-04:00,116.24,116.51,115.77,115.8,4933768
2018-07-27 00:00:00-04:00,115.92,116.2399,115.77,115.84,4556462
2018-07-30 00:00:00-04:00,115.8,116.02,115.64,115.65,3107207
2018-07-31 00:00:00-04:00,115.47,116.35,115.394,115.98,4639493
2018-08-01 00:00:00-04:00,115.63,115.7,115.125,115.15,7039592
2018-08-02 00:00:00-04:00,115.17,115.23,114.42,114.51,5356824
2018-08-03 00:00:00-04:00,115.09,115.53,114.86,114.91,5215890
2018-08-06 00:00:00-04:00,114.56,114.72,114.31,114.32,4847864
2018-08-07 00:00:00-04:00,114.85,114.935,114.42,114.59,4235657
2018-08-08 00:00:00-04:00,114.75,114.95,114.41,114.91,3246815
2018-08-09 00:00:00-04:00,115.02,115.12,114.69,114.74,3138335
2018-08-10 00:00:00-04:00,114.81,115.23,114.6076,114.69,6164452
2018-08-13 00:00:00-04:00,113.81,113.81,112.83,112.98,7634017
2018-08-14 00:00:00-04:00,113.25,113.48,112.84,113.06,5265403
2018-08-15 00:00:00-04:00,112.17,112.18,111.06,111.21,9569058
2018-08-16 00:00:00-04:00,111.46,111.88,111.1,111.11,6173016
2018-08-17 00:00:00-04:00,111.69,112.15,111.38,112.13,6592114
2018-08-20 00:00:00-04:00,112.38,112.74,112.16,112.68,4392093
2018-08-21 00:00:00-04:00,112.77,113.1,112.44,113.02,3859967
2018-08-22 00:00:00-04:00,113.39,113.49,113.07,113.27,5482321
2018-08-23 00:00:00-04:00,112.68,112.88,112.06,112.2,4691919
2018-08-24 00:00:00-04:00,113.25,114.42,113.21,114.14,6970086
2018-08-27 00:00:00-04:00,114.12,114.78,114.12,114.58,3608255
2018-08-28 00:00:00-04:00,114.76,114.8666,113.55,113.7,5086606
2018-08-29 00:00:00-04:00,114.16,114.21,113.85,114.2,3337311
2018-08-30 00:00:00-04:00,113.92,113.93,113.24,113.63,4618122
2018-08-31 00:00:00-04:00,113.72,114.06,113.44,113.5,4188993
2018-09-04 00:00:00-04:00,112.75,113.07,112.61,112.93,5681155
2018-09-05 00:00:00-04:00,113.36,113.44,113.12,113.31,3246768
2018-09-06 00:00:00-04:00,113.89,114.26,113.28,113.54,4228185
2018-09-07 00:00:00-04:00,113.26,113.6,112.97,113.22,3164050
2018-09-10 00:00:00-04:00,113.26,113.43,113.0,113.155,2034455
2018-09-11 00:00:00-04:00,112.65,113.37,112.42,113.22,3196619
2018-09-12 00:00:00-04:00,113.12,114.39,113.055,114.17,5368993
2018-09-13 00:00:00-04:00,114.72,114.78,113.58,113.76,4408720
2018-09-14 00:00:00-04:00,113.79,113.9,112.91,113.01,4797014
2018-09-17 00:00:00-04:00,113.6,114.03,113.55,113.61,3872536
2018-09-18 00:00:00-04:00,113.79,113.91,113.275,113.43,3875108
2018-09-19 00:00:00-04:00,113.94,114.15,113.68,113.9,3620375
2018-09-20 00:00:00-04:00,114.21,114.37,113.855,114.26,3975432
2018-09-21 00:00:00-04:00,112.8701,113.68,112.79,113.48,5792676
2018-09-24 00:00:00-04:00,113.68,113.96,113.43,113.47,3727806
2018-09-25 00:00:00-04:00,113.75,113.885,113.57,113.65,2459060
2018-09-26 00:00:00-04:00,113.11,113.6,112.66,113.05,7253624
2018-09-27 00:00:00-04:00,112.1,112.4156,111.8499,112.06,5850575
2018-09-28 00:00:00-04:00,112.16,113.0,112.07,112.77,5039981
2018-10-01 00:00:00-04:00,112.4,112.62,112.15,112.57,3261033
2018-10-02 00:00:00-04:00,113.7,114.33,113.61,113.86,7944950
2018-10-03 00:00:00-04:00,113.87,114.05,113.26,113.41,5802238
2018-10-04 00:00:00-04:00,113.83,114.19,113.255,113.48,5849261
2018-10-05 00:00:00-04:00,113.81,114.1,113.57,113.83,6707890
2018-10-08 00:00:00-04:00,112.25,112.59,111.9,112.53,10451750
2018-10-09 00:00:00-04:00,112.37,112.67,111.97,112.62,6011172
2018-10-10 00:00:00-04:00,112.47,112.96,112.25,112.88,9366720
2018-10-11 00:00:00-04:00,114.2,116.04,114.09,115.73,22555639
2018-10-12 00:00:00-04:00,115.58,115.71,115.08,115.24,10359629
2018-10-15 00:00:00-04:00,116.12,116.53,115.89,115.94,9993011
2018-10-16 00:00:00-04:00,116.49,116.6,115.82,115.87,7401209
2018-10-17 00:00:00-04:00,115.89,116.33,115.68,115.76,6265117
2018-10-18 00:00:00-04:00,115.83,116.41,115.63,115.9,6926505
2018-10-19 00:00:00-04:00,116.23,116.24,115.96,116.015,6295439
2018-10-22 00:00:00-04:00,115.57,115.7789,115.43,115.69,4397960
2018-10-23 00:00:00-04:00,117.16,117.25,116.33,116.37,10692580
2018-10-24 00:00:00-04:00,116.38,116.72,116.1101,116.64,7532828
2018-10-25 00:00:00-04:00,116.58,116.73,116.19,116.39,7022619
2018-10-26 00:00:00-04:00,116.83,117.65,116.46,116.73,13715696
2018-10-29 00:00:00-04:00,116.41,116.54,115.84,116.3,7370729
2018-10-30 00:00:00-04:00,115.85,116.04,115.635,115.78,5728555
2018-10-31 00:00:00-04:00,114.89,115.17,114.66,115.14,8829135
2018-11-01 00:00:00-04:00,116.33,117.07,116.18,116.66,10781881
2018-11-02 00:00:00-04:00,116.61,116.98,116.39,116.65,5395186
2018-11-05 00:00:00-05:00,116.28,116.67,116.23,116.38,5888515
2018-11-06 00:00:00-05:00,116.44,116.69,115.74,116.49,6867144
2018-11-07 00:00:00-05:00,116.26,116.345,115.9,116.01,7036469
2018-11-08 00:00:00-05:00,115.77,116.15,115.5,115.77,6570094
2018-11-09 00:00:00-05:00,114.6,114.75,114.14,114.48,10247619
2018-11-12 00:00:00-05:00,114.01,114.05,113.58,113.66,6050583
2018-11-13 00:00:00-05:00,113.72,113.93,113.42,113.68,6235021
2018-11-14 00:00:00-05:00,113.53,115.06,113.46,114.65,13418422
2018-11-15 00:00:00-05:00,114.83,114.99,114.56,114.76,8450656
2018-11-16 00:00:00-05:00,115.83,115.88,115.37,115.57,7717475
2018-11-19 00:00:00-05:00,115.45,115.92,115.37,115.67,6812264
2018-11-20 00:00:00-05:00,115.94,115.95,115.37,115.62,7668524
2018-11-21 00:00:00-05:00,115.94,116.35,115.7572,115.87,7629814
2018-11-23 00:00:00-05:00,115.76,115.88,115.585,115.74,3183021
2018-11-26 00:00:00-05:00,115.84,116.0053,115.53,115.63,3619530
2018-11-27 00:00:00-05:00,115.55,115.8502,114.6,114.94,8115590
2018-11-28 00:00:00-05:00,114.76,116.07,114.59,115.4,12166683
2018-11-29 00:00:00-05:00,115.97,116.24,115.56,115.73,5957495
2018-11-30 00:00:00-05:00,115.42,115.66,115.04,115.53,6856853
2018-12-03 00:00:00-05:00,116.6,116.77,116.295,116.39,7901931
2018-12-04 00:00:00-05:00,117.37,117.39,116.931,117.07,6897089
2018-12-06 00:00:00-05:00,117.38,117.685,116.9186,117.12,8718927
2018-12-07 00:00:00-05:00,117.62,118.23,117.3627,118.08,9741059
2018-12-10 00:00:00-05:00,117.7,117.94,117.42,117.67,7787624
2018-12-11 00:00:00-05:00,117.67,117.89,117.35,117.55,5848703
2018-12-12 00:00:00-05:00,117.7,117.95,117.6117,117.79,3845672
2018-12-13 00:00:00-05:00,117.54,117.6649,117.26,117.54,3995921
2018-12-14 00:00:00-05:00,116.63,117.3,116.46,117.11,7082178
2018-12-17 00:00:00-05:00,117.37,118.03,117.1564,117.85,7077603
2018-12-18 00:00:00-05:00,117.85,118.2,117.81,118.13,6965013
2018-12-19 00:00:00-05:00,118.24,118.96,117.4,117.42,13617919
2018-12-20 00:00:00-05:00,119.11,119.74,118.21,119.21,17255255
2018-12-21 00:00:00-05:00,119.19,119.25,118.57,118.74,12245580
2018-12-24 00:00:00-05:00,119.57,120.14,119.5497,119.99,8097950
2018-12-26 00:00:00-05:00,120.62,120.995,119.57,119.7,13971594
2018-12-27 00:00:00-05:00,120.57,120.895,120.14,120.52,11412415
2018-12-28 00:00:00-05:00,120.8,121.08,120.72,120.9705,6288724
2018-12-31 00:00:00-05:00,120.98,121.26,120.83,121.19,7825888
2019-01-02 00:00:00-05:00,121.35,121.75,120.88,121.3,10604650
2019-01-03 00:00:00-05:00,121.78,122.37,121.73,122.36,10272185
2019-01-04 00:00:00-05:00,121.32,121.6,120.69,121.48,11925787
2019-01-07 00:00:00-05:00,122.16,122.22,121.5731,121.82,6506560
2019-01-08 00:00:00-05:00,121.15,121.71,121.06,121.51,6580501
2019-01-09 00:00:00-05:00,121.45,122.335,121.44,122.2451,9431535
2019-01-10 00:00:00-05:00,121.98,122.179,121.57,121.585,5862953
2019-01-11 00:00:00-05:00,121.74,122.05,121.66,121.77,5720701
2019-01-14 00:00:00-05:00,122.15,122.24,121.87,122.08,6194035
2019-01-15 00:00:00-05:00,122.28,122.38,121.62,121.855,6613050
2019-01-16 00:00:00-05:00,122.04,122.44,122.02,122.22,6028580
2019-01-17 00:00:00-05:00,122.03,122.26,121.81,122.085,7695310
2019-01-18 00:00:00-05:00,121.23,121.515,121.04,121.08,8865971
2019-01-22 00:00:00-05:00,121.18,121.5,120.9,121.4,6855669
2019-01-23 00:00:00-05:00,120.96,121.54,120.86,121.275,5002970
2019-01-24 00:00:00-05:00,121.16,121.36,120.92,121.055,5052556
2019-01-25 00:00:00-05:00,122.02,122.91,122.02,122.82,9681283
2019-01-28 00:00:00-05:00,122.75,123.27,122.7178,123.23,7210208
2019-01-29 00:00:00-05:00,123.71,124.0,123.46,123.935,9087056
2019-01-30 00:00:00-05:00,123.91,125.07,123.7,124.6,9847144
2019-01-31 00:00:00-05:00,125.18,125.23,124.62,124.73,8730750
2019-02-01 00:00:00-05:00,124.89,125.05,124.37,124.55,10452211
2019-02-04 00:00:00-05:00,123.99,124.29,123.82,124.01,5541035
2019-02-05 00:00:00-05:00,124.29,124.42,124.05,124.27,5849853
2019-02-06 00:00:00-05:00,124.16,124.1899,120.99,123.465,5630814
2019-02-07 00:00:00-05:00,123.8,123.95,123.4367,123.775,5211971
2019-02-08 00:00:00-05:00,124.05,124.33,123.94,124.19,3981557
2019-02-11 00:00:00-05:00,123.19,123.82,123.19,123.655,4051227
2019-02-12 00:00:00-05:00,123.96,124.03,123.61,123.885,4045136
2019-02-13 00:00:00-05:00,123.84,124.55,123.31,123.39,7125691
2019-02-14 00:00:00-05:00,123.84,124.2,123.53,124.02,5492765
2019-02-15 00:00:00-05:00,124.59,125.0,124.18,124.925,7967008
2019-02-19 00:00:00-05:00,125.98,126.79,125.93,126.68,12731307
2019-02-20 00:00:00-05:00,127.0,127.21,126.31,126.48,8138514
2019-02-21 00:00:00-05:00,126.15,126.22,125.05,125.05,7674898
2019-02-22 00:00:00-05:00,125.53,125.95,125.39,125.51,5049147
2019-02-25 00:00:00-05:00,125.78,125.9,125.23,125.38,4349144
2019-02-26 00:00:00-05:00,125.33,125.6171,125.05,125.57,4714612
2019-02-27 00:00:00-05:00,125.17,125.226,124.4,124.7,7313008
2019-02-28 00:00:00-05:00,124.71,124.71,123.98,123.99,6806371
2019-03-01 00:00:00-05:00,123.48,123.96,121.87,121.88,14842051
2019-03-04 00:00:00-05:00,121.56,121.85,121.18,121.56,8873334
2019-03-05 00:00:00-05:00,121.38,121.73,121.03,121.72,6239584
2019-03-06 00:00:00-05:00,121.43,121.64,121.26,121.62,4540405
2019-03-07 00:00:00-05:00,121.27,121.71,121.18,121.5,5251780
2019-03-08 00:00:00-05:00,122.7,122.89,122.37,122.83,9752354
2019-03-11 00:00:00-04:00,122.52,122.54,121.92,122.24,6033174
2019-03-12 00:00:00-04:00,122.54,123.03,122.4,122.98,5585010
2019-03-13 00:00:00-04:00,123.56,123.88,123.425,123.84,6555367
2019-03-14 00:00:00-04:00,122.33,122.545,122.12,122.42,6081972
2019-03-15 00:00:00-04:00,123.27,123.4,122.9132,122.97,9515034
2019-03-18 00:00:00-04:00,123.3,123.3998,122.89,123.04,6050864
2019-03-19 00:00:00-04:00,123.64,123.67,123.34,123.39,5526077
2019-03-20 00:00:00-04:00,123.66,124.42,122.65,124.17,10438479
2019-03-21 00:00:00-04:00,124.36,124.37,123.11,123.68,6878129
2019-03-22 00:00:00-04:00,123.93,124.22,123.73,123.97,5270361
2019-03-25 00:00:00-04:00,124.56,125.11,124.4801,124.91,6771755
2019-03-26 00:00:00-04:00,124.48,124.51,124.07,124.3,4728652
2019-03-27 00:00:00-04:00,124.35,124.375,123.56,123.65,6200837
2019-03-28 00:00:00-04:00,122.28,122.355,121.705,121.9,10563009
2019-03-29 00:00:00-04:00,122.64,122.75,122.01,122.02,6158645
2019-04-01 00:00:00-04:00,122.4,122.43,121.46,121.53,5269207
2019-04-02 00:00:00-04:00,121.72,122.01,121.68,121.98,3604064
2019-04-03 00:00:00-04:00,121.73,122.01,121.675,121.8,4188826
2019-04-04 00:00:00-04:00,121.1,122.24,120.96,122.11,6970296
2019-04-05 00:00:00-04:00,121.88,122.13,121.6633,121.988,4655454
2019-04-08 00:00:00-04:00,122.97,123.0199,122.4,122.55,3699151
2019-04-09 00:00:00-04:00,123.26,123.35,123.03,123.16,4276925
2019-04-10 00:00:00-04:00,123.22,123.77,123.19,123.52,6335739
2019-04-11 00:00:00-04:00,122.54,122.75,121.79,121.96,8905821
2019-04-12 00:00:00-04:00,121.96,122.31,121.8,121.82,4516905
2019-04-15 00:00:00-04:00,121.2,121.82,121.095,121.6,4014677
2019-04-16 00:00:00-04:00,120.38,120.63,120.19,120.51,8795128
2019-04-17 00:00:00-04:00,120.46,120.51,120.195,120.31,4369362
2019-04-18 00:00:00-04:00,120.24,120.54,120.15,120.39,3663429
2019-04-22 00:00:00-04:00,120.46,120.5,120.27,120.37,2022767
2019-04-23 00:00:00-04:00,119.67,120.2,119.55,120.11,4508562
2019-04-24 00:00:00-04:00,120.06,120.72,120.04,120.455,3687410
2019-04-25 00:00:00-04:00,120.72,121.0962,120.5,120.59,4367063
2019-04-26 00:00:00-04:00,121.26,121.67,121.2199,121.36,5227341
2019-04-29 00:00:00-04:00,120.88,120.91,120.665,120.83,3144854
2019-04-30 00:00:00-04:00,120.89,121.36,120.85,121.2,4603936
2019-05-01 00:00:00-04:00,121.03,121.55,120.18,120.41,11653770
2019-05-02 00:00:00-04:00,119.69,120.11,119.54,119.95,5846455
2019-05-03 00:00:00-04:00,120.56,121.08,120.475,120.66,7598313
2019-05-06 00:00:00-04:00,120.61,121.12,120.54,120.83,3003929
2019-05-07 00:00:00-04:00,121.02,121.42,120.9067,121.23,3440203
2019-05-08 00:00:00-04:00,121.54,121.54,120.77,120.9,4002554
2019-05-09 00:00:00-04:00,120.96,121.62,120.86,121.2,4731523
2019-05-10 00:00:00-04:00,121.41,121.73,121.3,121.4,4207719
2019-05-13 00:00:00-04:00,122.63,122.85,122.325,122.67,8530120
2019-05-14 00:00:00-04:00,122.6,122.66,122.12,122.44,5273128
2019-05-15 00:00:00-04:00,122.71,122.765,122.2199,122.36,9938430
2019-05-16 00:00:00-04:00,122.03,122.0734,121.19,121.5,6008117
2019-05-17 00:00:00-04:00,121.03,121.06,120.33,120.65,6230843
2019-05-20 00:00:00-04:00,120.51,120.74,120.42,120.65,4008046
2019-05-21 00:00:00-04:00,120.08,120.35,119.83,120.35,3594073
2019-05-22 00:00:00-04:00,120.35,120.5,120.19,120.24,2945870
2019-05-23 00:00:00-04:00,120.82,121.52,120.77,121.17,5323977
2019-05-24 00:00:00-04:00,121.13,121.31,120.89,121.29,1901384
2019-05-28 00:00:00-04:00,120.8,120.84,120.46,120.81,3179359
2019-05-29 00:00:00-04:00,121.11,121.26,120.745,120.86,3459080
2019-05-30 00:00:00-04:00,120.96,121.69,120.8,121.68,6720004
2019-05-31 00:00:00-04:00,122.55,123.4,122.315,123.33,13365610
2019-06-03 00:00:00-04:00,124.09,125.34,123.9,125.11,12548769
2019-06-04 00:00:00-04:00,124.88,125.42,124.61,125.18,6530585
2019-06-05 00:00:00-04:00,126.18,126.37,125.24,125.45,6357852
2019-06-06 00:00:00-04:00,125.93,126.45,125.8,125.89,4986463
2019-06-07 00:00:00-04:00,126.79,127.2,126.32,126.59,6360474
2019-06-10 00:00:00-04:00,125.46,125.525,125.065,125.33,4696705
2019-06-11 00:00:00-04:00,124.94,125.4,124.884,125.2,4286317
2019-06-12 00:00:00-04:00,125.6,126.2,125.56,125.82,4870287
2019-06-13 00:00:00-04:00,126.03,126.77,125.9599,126.6,4715015
2019-06-14 00:00:00-04:00,127.21,127.63,126.26,126.56,8172819
2019-06-17 00:00:00-04:00,126.7,126.77,126.17,126.48,3970783
2019-06-18 00:00:00-04:00,127.58,127.75,126.39,127.04,9043201
2019-06-19 00:00:00-04:00,126.78,127.99,126.7,127.89,10145435
2019-06-20 00:00:00-04:00,130.41,131.49,130.185,131.12,15485099
2019-06-21 00:00:00-04:00,131.77,132.17,131.07,132.0,13393823
2019-06-24 00:00:00-04:00,132.77,134.035,132.58,133.94,16178654
2019-06-25 00:00:00-04:00,134.9,135.55,133.21,134.2,20491309
2019-06-26 00:00:00-04:00,132.99,133.55,132.41,132.97,10608072
2019-06-27 00:00:00-04:00,132.38,132.97,132.26,132.84,7320753
2019-06-28 00:00:00-04:00,133.02,133.34,132.61,133.17,6064565
2019-07-01 00:00:00-04:00,131.56,131.755,130.55,130.6,11268351
2019-07-02 00:00:00-04:00,131.27,133.63,131.16,133.38,10923517
2019-07-03 00:00:00-04:00,133.61,134.1,133.23,133.64,5274622
2019-07-05 00:00:00-04:00,131.46,132.32,130.81,132.16,9467276
2019-07-08 00:00:00-04:00,132.18,132.341,131.28,131.29,6249212
2019-07-09 00:00:00-04:00,131.43,132.1,131.1575,131.78,5823643
2019-07-10 00:00:00-04:00,132.94,133.87,132.35,133.82,11828796
2019-07-11 00:00:00-04:00,133.58,133.7,132.41,132.7,6567192
2019-07-12 00:00:00-04:00,132.89,133.69,132.53,133.5,4727697
2019-07-15 00:00:00-04:00,133.18,133.53,132.805,133.51,3204589
2019-07-16 00:00:00-04:00,133.18,133.3,132.13,132.385,6943428
2019-07-17 00:00:00-04:00,133.0,134.6,132.89,134.59,9927405
2019-07-18 00:00:00-04:00,133.83,136.63,133.61,136.43,16476931
2019-07-19 00:00:00-04:00,135.45,136.03,133.97,134.47,14903484
2019-07-22 00:00:00-04:00,134.56,134.82,134.32,134.46,6866019
2019-07-23 00:00:00-04:00,134.43,134.95,133.56,133.69,8604470
2019-07-24 00:00:00-04:00,134.59,134.84,133.98,134.37,5915331
2019-07-25 00:00:00-04:00,134.24,134.28,133.09,133.38,9527942
2019-07-26 00:00:00-04:00,134.24,134.29,133.59,133.63,5544741
2019-07-29 00:00:00-04:00,134.06,134.729,133.44,134.52,8348175
2019-07-30 00:00:00-04:00,134.76,135.18,134.41,134.99,8601746
2019-07-31 00:00:00-04:00,135.03,135.42,133.02,133.2,16971649
2019-08-01 00:00:00-04:00,132.42,136.43,132.305,136.42,22394456
2019-08-02 00:00:00-04:00,135.39,136.6,135.37,135.89,9527484
2019-08-05 00:00:00-04:00,137.93,138.64,137.05,137.81,15708790
2019-08-06 00:00:00-04:00,138.33,139.03,138.005,138.92,8404339
2019-08-07 00:00:00-04:00,141.28,142.47,140.88,141.04,23700796
2019-08-08 00:00:00-04:00,140.9,142.37,140.71,141.76,11438996
2019-08-09 00:00:00-04:00,141.13,142.03,140.96,141.3,8300249
2019-08-12 00:00:00-04:00,141.67,143.38,141.64,142.61,11491762
2019-08-13 00:00:00-04:00,143.17,143.285,139.35,141.75,27525332
2019-08-14 00:00:00-04:00,142.9,143.75,142.05,142.76,22772028
2019-08-15 00:00:00-04:00,142.96,144.02,142.61,143.69,12098056
2019-08-16 00:00:00-04:00,142.75,143.13,141.8,142.81,9819012
2019-08-19 00:00:00-04:00,141.33,141.79,140.85,141.0962,8716293
2019-08-20 00:00:00-04:00,141.77,142.255,141.6,142.22,6594933
2019-08-21 00:00:00-04:00,141.62,142.17,141.46,141.76,7475772
2019-08-22 00:00:00-04:00,141.39,141.9,141.17,141.4,6092646
2019-08-23 00:00:00-04:00,141.84,144.33,141.64,144.16,18532025
2019-08-26 00:00:00-04:00,144.35,144.97,143.91,144.19,9512512
2019-08-27 00:00:00-04:00,144.3,145.68,144.27,145.51,10889244
2019-08-28 00:00:00-04:00,145.39,145.68,144.64,145.16,8876668
2019-08-29 00:00:00-04:00,145.4,145.49,143.28,144.13,13234060
2019-08-30 00:00:00-04:00,143.84,144.8822,143.02,143.74,8106571
2019-09-03 00:00:00-04:00,144.96,146.13,144.741,145.74,12585721
2019-09-04 00:00:00-04:00,145.54,146.82,145.5,146.65,9983605
2019-09-05 00:00:00-04:00,144.98,145.015,142.0,143.15,17606938
2019-09-06 00:00:00-04:00,143.64,144.06,141.86,141.92,11269117
2019-09-09 00:00:00-04:00,142.37,142.46,141.18,141.39,9899059
2019-09-10 00:00:00-04:00,141.23,141.525,140.16,140.16,10806416
2019-09-11 00:00:00-04:00,140.34,141.26,140.28,141.02,6576353
2019-09-12 00:00:00-04:00,142.68,143.1,141.11,141.33,10439743
2019-09-13 00:00:00-04:00,141.73,141.99,140.06,140.16,11609214
2019-09-16 00:00:00-04:00,141.6,142.05,141.02,141.3,6606490
2019-09-17 00:00:00-04:00,141.82,142.11,141.2237,141.63,6543786
2019-09-18 00:00:00-04:00,141.93,142.53,139.81,140.69,13755372
2019-09-19 00:00:00-04:00,141.57,141.74,141.0851,141.28,6906021
2019-09-20 00:00:00-04:00,141.61,143.03,141.46,142.98,8803167
2019-09-23 00:00:00-04:00,143.22,143.94,143.07,143.76,7787229
2019-09-24 00:00:00-04:00,143.21,144.77,142.88,144.51,9948338
2019-09-25 00:00:00-04:00,144.08,144.29,141.44,141.81,10414822
2019-09-26 00:00:00-04:00,142.19,142.57,141.56,141.8,6721040
2019-09-27 00:00:00-04:00,140.35,141.68,140.16,141.04,8693680
2019-09-30 00:00:00-04:00,139.77,140.21,138.03,138.88,13798916
2019-10-01 00:00:00-04:00,138.07,140.19,137.8,139.62,10473007
2019-10-02 00:00:00-04:00,140.79,141.88,140.462,141.27,10190256
2019-10-03 00:00:00-04:00,141.36,143.25,141.29,141.91,10286203
2019-10-04 00:00:00-04:00,141.48,142.31,141.14,141.93,8152981
2019-10-07 00:00:00-04:00,141.16,141.7709,140.24,140.72,5399210
2019-10-08 00:00:00-04:00,142.03,142.29,141.17,141.93,9180690
2019-10-09 00:00:00-04:00,142.16,142.58,141.62,142.07,6140034
2019-10-10 00:00:00-04:00,141.59,141.66,140.578,140.82,8357269
2019-10-11 00:00:00-04:00,139.97,140.19,138.91,140.04,10282431
2019-10-14 00:00:00-04:00,140.45,140.82,140.3648,140.59,3306628
2019-10-15 00:00:00-04:00,140.27,140.3,139.21,139.6,8134633
2019-10-16 00:00:00-04:00,140.14,140.53,139.6988,140.4,8971202
2019-10-17 00:00:00-04:00,140.5,141.12,140.42,140.61,5232928
2019-10-18 00:00:00-04:00,140.5,140.71,140.32,140.47,5873159
2019-10-21 00:00:00-04:00,140.72,140.76,139.6,139.8,7292770
2019-10-22 00:00:00-04:00,140.13,140.3,139.72,140.19,3563928
2019-10-23 00:00:00-04:00,140.59,141.0,140.5,140.56,3511663
2019-10-24 00:00:00-04:00,141.02,141.74,140.93,141.55,5869224
2019-10-25 00:00:00-04:00,142.79,142.83,141.4,141.87,5509253
2019-10-28 00:00:00-04:00,141.25,141.25,140.4004,140.67,4869995
2019-10-29 00:00:00-04:00,140.0,140.63,139.78,140.24,3426488
2019-10-30 00:00:00-04:00,140.54,141.04,139.55,141.01,6240687
2019-10-31 00:00:00-04:00,142.595,142.605,142.11,142.42,4189213
2019-11-01 00:00:00-04:00,142.21,142.9,142.01,142.58,5976220
2019-11-04 00:00:00-05:00,142.26,142.45,141.7446,142.15,4110929
2019-11-05 00:00:00-05:00,140.65,140.89,139.38,139.9,9241343
2019-11-06 00:00:00-05:00,140.12,140.79,140.0,140.47,5099406
2019-11-07 00:00:00-05:00,140.11,140.2,137.6,138.28,13485893
2019-11-08 00:00:00-05:00,137.73,138.33,137.39,137.39,8805077
2019-11-11 00:00:00-05:00,137.61,137.79,136.435,137.04,6315226
2019-11-12 00:00:00-05:00,137.03,137.59,136.19,137.44,5657385
2019-11-13 00:00:00-05:00,137.8,138.22,137.64,137.98,7786236
2019-11-14 00:00:00-05:00,138.39,138.94,137.8685,138.57,4729014
2019-11-15 00:00:00-05:00,138.03,138.4208,137.971,138.2,6590454
2019-11-18 00:00:00-05:00,138.44,138.85,138.3,138.64,3756438
2019-11-19 00:00:00-05:00,138.13,138.9716,138.13,138.71,3717955
2019-11-20 00:00:00-05:00,138.53,139.0,138.1,138.75,4546702
2019-11-21 00:00:00-05:00,138.39,138.56,137.77,138.0,3654649
2019-11-22 00:00:00-05:00,138.37,138.46,137.66,137.75,3198201
2019-11-25 00:00:00-05:00,137.32,137.62,136.99,137.06,5341591
2019-11-26 00:00:00-05:00,136.98,137.8,136.58,137.75,4290471
2019-11-27 00:00:00-05:00,137.03,137.21,136.83,137.02,3509613
2019-11-29 00:00:00-05:00,137.1,138.1341,137.08,137.88,3210957
2019-12-02 00:00:00-05:00,137.32,138.09,137.3,137.79,7484641
2019-12-03 00:00:00-05:00,139.04,139.57,138.97,139.14,7201526
2019-12-04 00:00:00-05:00,139.16,139.165,138.59,138.93,4582791
2019-12-05 00:00:00-05:00,138.8,139.45,138.79,139.01,4805117
2019-12-06 00:00:00-05:00,137.76,137.8262,137.4,137.59,5964919
2019-12-09 00:00:00-05:00,137.8,137.81,137.45,137.59,2442994
2019-12-10 00:00:00-05:00,138.25,138.33,137.74,137.96,2862497
2019-12-11 00:00:00-05:00,138.2,139.3,138.1201,138.93,5417228
2019-12-12 00:00:00-05:00,139.78,139.85,137.88,138.44,7860003
2019-12-13 00:00:00-05:00,138.52,139.21,137.98,139.08,5210465
2019-12-16 00:00:00-05:00,139.2,139.39,138.8,139.05,4188010
2019-12-17 00:00:00-05:00,139.02,139.3,138.851,139.01,3959964
2019-12-18 00:00:00-05:00,138.86,139.25,138.81,139.0,3256070
2019-12-19 00:00:00-05:00,139.04,139.55,138.87,139.33,4236363
2019-12-20 00:00:00-05:00,139.37,139.4451,138.98,139.16,3954112
2019-12-23 00:00:00-05:00,139.53,139.96,139.53,139.94,4404032
2019-12-24 00:00:00-05:00,140.44,141.33,140.43,141.25,4790499
2019-12-26 00:00:00-05:00,142.06,142.47,141.9062,142.4,7531371
2019-12-27 00:00:00-05:00,142.26,142.73,142.17,142.32,4248977
2019-12-30 00:00:00-05:00,142.56,142.8,142.46,142.66,4244298
2019-12-31 00:00:00-05:00,143.31,143.605,142.8,142.93,4816090
2020-01-02 00:00:00-05:00,143.86,144.21,143.4,143.94,6985296
2020-01-03 00:00:00-05:00,145.75,146.32,145.4,145.89,11001537
2020-01-06 00:00:00-05:00,148.44,148.48,146.95,147.42,13283004
2020-01-07 00:00:00-05:00,147.57,148.14,147.43,148.01,7092385
2020-01-08 00:00:00-05:00,148.49,148.61,146.14,146.87,19629024
2020-01-09 00:00:00-05:00,146.07,146.41,145.44,146.01,9055922
2020-01-10 00:00:00-05:00,146.22,146.99,146.17,146.92,5368957
2020-01-13 00:00:00-05:00,146.35,146.38,145.78,145.8,5870244
2020-01-14 00:00:00-05:00,145.42,145.81,145.082,145.68,5943597
2020-01-15 00:00:00-05:00,146.21,146.73,145.82,146.53,5309372
2020-01-16 00:00:00-05:00,146.27,146.4658,145.755,146.3,5135496
2020-01-17 00:00:00-05:00,146.51,146.99,146.31,146.6,9857401
2020-01-21 00:00:00-05:00,145.77,146.86,145.551,146.73,10735296
2020-01-22 00:00:00-05:00,146.68,146.81,146.38,146.77,7359840
2020-01-23 00:00:00-05:00,147.0,147.62,146.62,147.11,14098738
2020-01-24 00:00:00-05:00,146.9,148.38,146.89,147.97,18193358
2020-01-27 00:00:00-05:00,149.24,149.32,148.4575,148.99,7596186
2020-01-28 00:00:00-05:00,148.36,148.56,147.53,147.69,5878344
2020-01-29 00:00:00-05:00,147.7,148.56,147.61,148.47,4101232
2020-01-30 00:00:00-05:00,148.69,149.31,148.01,148.45,7662412
2020-01-31 00:00:00-05:00,148.88,149.68,148.81,149.37,11922057
2020-02-03 00:00:00-05:00,148.66,148.78,147.6802,148.37,7979634
2020-02-04 00:00:00-05:00,146.97,147.03,145.8,146.41,8934024
2020-02-05 00:00:00-05:00,146.38,146.81,146.16,146.57,5169172
2020-02-06 00:00:00-05:00,147.28,147.63,147.0,147.41,3985062
2020-02-07 00:00:00-05:00,147.83,148.18,147.335,147.77,5428296
2020-02-10 00:00:00-05:00,148.21,148.4464,147.91,148.15,4186331
2020-02-11 00:00:00-05:00,148.03,148.16,147.01,147.67,4581944
2020-02-12 00:00:00-05:00,147.42,147.81,147.1567,147.53,4133308
2020-02-13 00:00:00-05:00,148.24,148.58,147.9501,148.37,5046834
2020-02-14 00:00:00-05:00,148.74,149.13,148.63,148.98,4712277
2020-02-18 00:00:00-05:00,149.88,151.09,149.47,150.88,10204151
2020-02-19 00:00:00-05:00,151.0,151.82,150.815,151.82,7790138
2020-02-20 00:00:00-05:00,152.0,152.83,151.95,152.43,7699117
2020-02-21 00:00:00-05:00,154.43,155.2219,154.18,154.67,15327704
2020-02-24 00:00:00-05:00,158.5,158.53,155.36,156.15,23734795
2020-02-25 00:00:00-05:00,155.12,156.08,152.91,153.33,23022058
2020-02-26 00:00:00-05:00,153.82,155.28,152.9,153.95,14820187
2020-02-27 00:00:00-05:00,155.58,156.27,153.9,154.04,24211897
2020-02-28 00:00:00-05:00,152.71,152.77,147.05,148.515,37798725
2020-03-02 00:00:00-05:00,150.0,150.73,149.04,149.19,14182986
2020-03-03 00:00:00-05:00,150.84,155.24,150.735,153.93,26072820
2020-03-04 00:00:00-05:00,154.4,154.96,153.7,154.18,10611044
2020-03-05 00:00:00-05:00,156.06,157.62,155.72,157.48,16148310
2020-03-06 00:00:00-05:00,158.33,159.25,154.54,157.55,24213596
2020-03-09 00:00:00-04:00,158.29,159.37,156.33,157.89,21043909
2020-03-10 00:00:00-04:00,156.18,156.41,154.39,154.46,16414585
2020-03-11 00:00:00-04:00,156.25,156.5,153.62,153.93,15252107
2020-03-12 00:00:00-04:00,151.53,151.55,146.85,147.85,29366070
2020-03-13 00:00:00-04:00,149.42,149.6,141.58,143.34,31717751
2020-03-16 00:00:00-04:00,137.56,142.96,136.12,141.96,20842369
2020-03-17 00:00:00-04:00,140.18,146.2,139.93,143.85,22230975
2020-03-18 00:00:00-04:00,141.75,142.88,138.5,140.69,17484716
2020-03-19 00:00:00-04:00,139.08,140.5,137.8503,138.07,19060334
2020-03-20 00:00:00-04:00,140.71,141.17,139.14,140.09,18703822
2020-03-23 00:00:00-04:00,142.675,146.93,142.28,146.3,26688832
2020-03-24 00:00:00-04:00,153.35,155.66,152.05,153.36,19389697
2020-03-25 00:00:00-04:00,152.58,152.878,151.01,151.3,15343932
2020-03-26 00:00:00-04:00,153.3,154.81,152.08,153.37,11219031
2020-03-27 00:00:00-04:00,153.0,153.55,152.0,152.28,8746021
2020-03-30 00:00:00-04:00,152.41,153.08,151.57,152.9,10521891
2020-03-31 00:00:00-04:00,151.36,151.8,147.97,148.05,11753175
2020-04-01 00:00:00-04:00,148.2,150.08,147.85,149.51,11344594
2020-04-02 00:00:00-04:00,151.2,152.5,150.7,151.86,8449237
2020-04-03 00:00:00-04:00,152.23,153.09,151.66,152.74,7694719
2020-04-06 00:00:00-04:00,154.16,157.22,153.96,156.89,13396343
2020-04-07 00:00:00-04:00,155.33,156.14,154.38,156.05,8459669
2020-04-08 00:00:00-04:00,155.91,155.94,154.59,154.65,7134900
2020-04-09 00:00:00-04:00,158.08,159.07,157.21,158.59,16965759
2020-04-13 00:00:00-04:00,159.17,162.38,158.625,161.42,18780147
2020-04-14 00:00:00-04:00,162.73,164.42,161.78,162.66,15843321
2020-04-15 00:00:00-04:00,161.8,162.54,160.8061,162.08,11300568
2020-04-16 00:00:00-04:00,161.88,163.15,160.65,161.71,8811830
2020-04-17 00:00:00-04:00,159.72,160.07,158.12,158.555,13829502
2020-04-20 00:00:00-04:00,158.62,160.22,158.46,159.68,8958027
2020-04-21 00:00:00-04:00,157.6,159.21,157.04,158.62,11754116
2020-04-22 00:00:00-04:00,160.5,161.71,160.42,161.665,11942891
2020-04-23 00:00:00-04:00,162.39,163.6,161.84,163.11,12735714
2020-04-24 00:00:00-04:00,163.13,163.31,160.89,162.69,10414839
2020-04-27 00:00:00-04:00,161.88,162.0,160.41,161.61,8610479
2020-04-28 00:00:00-04:00,160.89,160.98,159.16,160.8,9773643
2020-04-29 00:00:00-04:00,160.1,161.85,159.76,161.725,11458200
2020-04-30 00:00:00-04:00,160.22,160.82,158.13,158.66,12509813
2020-05-01 00:00:00-04:00,158.0,160.45,157.8,159.73,10553977
2020-05-04 00:00:00-04:00,160.33,160.95,159.91,160.34,7665709
2020-05-05 00:00:00-04:00,160.16,161.1,159.33,160.97,10207612
2020-05-06 00:00:00-04:00,158.99,159.81,158.1,159.0,12091560
2020-05-07 00:00:00-04:00,159.5,161.96,159.36,161.44,13113038
2020-05-08 00:00:00-04:00,161.08,162.0,160.0,160.46,11086002
2020-05-11 00:00:00-04:00,160.34,160.71,158.89,159.47,10063978
2020-05-12 00:00:00-04:00,160.3,160.95,159.72,160.115,9619743
2020-05-13 00:00:00-04:00,160.94,161.62,160.54,161.53,10200468
2020-05-14 00:00:00-04:00,161.53,163.34,161.51,163.01,16475916
2020-05-15 00:00:00-04:00,164.02,164.8,163.08,163.91,13398020
2020-05-18 00:00:00-04:00,164.33,164.495,162.4102,162.7,13227036
2020-05-19 00:00:00-04:00,163.6,164.43,163.04,164.28,8176489
2020-05-20 00:00:00-04:00,164.54,164.9599,163.89,164.62,10033895
2020-05-21 00:00:00-04:00,163.46,163.58,161.37,162.24,11241773
2020-05-22 00:00:00-04:00,162.88,163.47,162.74,163.22,8074586
2020-05-26 00:00:00-04:00,162.58,162.58,160.69,160.86,13348070
2020-05-27 00:00:00-04:00,159.42,161.34,159.2,161.18,12182243
2020-05-28 00:00:00-04:00,162.12,162.4598,160.9,161.72,9079259
2020-05-29 00:00:00-04:00,162.58,163.4,162.32,162.88,9707900
2020-06-01 00:00:00-04:00,162.9235,163.74,162.39,163.68,7706138
2020-06-02 00:00:00-04:00,163.89,164.08,161.86,162.58,9998617
2020-06-03 00:00:00-04:00,160.34,160.89,158.82,159.57,16429837
2020-06-04 00:00:00-04:00,161.14,161.87,159.84,161.2916,9547066
2020-06-05 00:00:00-04:00,158.72,158.72,157.035,158.01,15471836
2020-06-08 00:00:00-04:00,158.9,159.8599,158.47,159.7,8429397
2020-06-09 00:00:00-04:00,161.1,161.775,160.87,161.21,8408067
2020-06-10 00:00:00-04:00,162.1,163.63,160.52,163.56,12227143
2020-06-11 00:00:00-04:00,163.35,164.06,161.9701,162.41,10967867
2020-06-12 00:00:00-04:00,163.41,163.88,163.11,163.47,2139264
2020-06-15 00:00:00-04:00,160.52,162.56,160.16,162.3211,7974381
2020-06-16 00:00:00-04:00,161.85,162.685,161.36,162.34,6579959
2020-06-17 00:00:00-04:00,162.0,162.62,161.77,162.58,4382992
2020-06-18 00:00:00-04:00,162.1965,162.32,161.44,162.17,4839794
2020-06-19 00:00:00-04:00,162.87,164.09,162.78,164.015,11159456
2020-06-22 00:00:00-04:00,165.06,165.73,164.41,165.08,11094965
2020-06-23 00:00:00-04:00,165.63,166.52,165.52,166.45,10912307
2020-06-24 00:00:00-04:00,166.01,166.99,165.45,165.94,10155217
2020-06-25 00:00:00-04:00,165.89,165.91,165.16,165.8,6468016
2020-06-26 00:00:00-04:00,164.87,166.56,164.22,166.54,9171474
2020-06-29 00:00:00-04:00,166.56,166.8,166.18,166.62,6311734
2020-06-30 00:00:00-04:00,166.31,167.9906,166.185,167.36,11847019
2020-07-01 00:00:00-04:00,167.05,167.06,165.34,166.58,11465908
2020-07-02 00:00:00-04:00,166.2,167.24,166.02,166.95,8099731
2020-07-06 00:00:00-04:00,167.75,168.0,167.1901,167.97,6645621
2020-07-07 00:00:00-04:00,167.41,169.0,167.38,168.99,10739093
2020-07-08 00:00:00-04:00,170.32,170.8558,169.7827,170.06,11299151
2020-07-09 00:00:00-04:00,170.48,170.635,168.78,169.59,12696875
2020-07-10 00:00:00-04:00,169.95,170.15,168.57,169.16,7779928
2020-07-13 00:00:00-04:00,170.29,170.42,169.16,169.355,9650767
2020-07-14 00:00:00-04:00,168.97,170.2,168.8141,170.17,8023189
2020-07-15 00:00:00-04:00,169.62,170.43,169.39,170.36,8345283
2020-07-16 00:00:00-04:00,169.8,169.995,168.69,168.72,9770820
2020-07-17 00:00:00-04:00,169.94,170.27,169.605,170.15,9753327
2020-07-20 00:00:00-04:00,170.76,171.07,170.27,170.93,8697837
2020-07-21 00:00:00-04:00,172.53,173.25,172.31,173.03,11779221
2020-07-22 00:00:00-04:00,174.05,175.77,173.76,175.62,27256757
2020-07-23 00:00:00-04:00,176.17,178.41,175.65,177.21,30108333
2020-07-24 00:00:00-04:00,179.14,179.16,178.2,178.76,28955364
2020-07-27 00:00:00-04:00,181.85,182.83,181.53,182.21,19925373
2020-07-28 00:00:00-04:00,182.02,184.26,181.42,183.76,31214657
2020-07-29 00:00:00-04:00,184.0089,186.14,182.39,185.08,49053484
2020-07-30 00:00:00-04:00,183.44,184.33,182.13,183.76,33537169
2020-07-31 00:00:00-04:00,184.51,185.7501,184.165,185.47,29738803
2020-08-03 00:00:00-04:00,185.05,185.82,184.2,185.67,18338875
2020-08-04 00:00:00-04:00,185.61,189.6,185.21,189.54,38753979
2020-08-05 00:00:00-04:00,191.65,193.13,190.62,191.35,50998334
2020-08-06 00:00:00-04:00,193.74,194.4499,192.5207,193.85,39360266
2020-08-07 00:00:00-04:00,192.705,192.96,189.33,190.8,44840422
2020-08-10 00:00:00-04:00,192.38,192.61,189.66,190.16,26976165
2020-08-11 00:00:00-04:00,183.5739,183.98,179.43,179.98,80594757
2020-08-12 00:00:00-04:00,182.61,183.1,179.04,179.14,50990796
2020-08-13 00:00:00-04:00,181.56,184.7,181.36,183.35,16985769
2020-08-14 00:00:00-04:00,183.44,183.72,181.49,182.54,10910411
2020-08-17 00:00:00-04:00,184.69,187.01,184.66,186.46,27671944
2020-08-18 00:00:00-04:00,189.18,189.4,185.63,188.21,30623680
2020-08-19 00:00:00-04:00,187.21,187.46,181.71,182.25,44159497
2020-08-20 00:00:00-04:00,181.19,183.71,180.93,183.43,29413177
2020-08-21 00:00:00-04:00,182.14,182.81,180.47,182.03,22893001
2020-08-24 00:00:00-04:00,182.91,182.925,180.685,181.0,21359176
2020-08-25 00:00:00-04:00,181.06,181.25,179.731,181.24,19303212
2020-08-26 00:00:00-04:00,180.26,183.58,180.2,183.4,22678033
2020-08-27 00:00:00-04:00,185.0,185.17,179.37,181.28,29104479
2020-08-28 00:00:00-04:00,183.98,185.4,183.4046,184.39,24327324
2020-08-31 00:00:00-04:00,184.79,185.53,184.28,184.83,17017146
2020-09-01 00:00:00-04:00,186.99,186.99,184.33,185.01,19986743
2020-09-02 00:00:00-04:00,183.75,183.86,181.5,182.62,22028104
2020-09-03 00:00:00-04:00,182.3,182.82,180.49,181.14,20753982
2020-09-04 00:00:00-04:00,180.95,182.1,180.05,181.67,20784230
2020-09-08 00:00:00-04:00,179.5,182.27,179.02,181.32,25402394
2020-09-09 00:00:00-04:00,182.5,183.22,182.19,183.02,14191348
2020-09-10 00:00:00-04:00,184.5,184.68,182.28,182.42,14038803
2020-09-11 00:00:00-04:00,183.14,183.5499,182.005,182.42,13376137
2020-09-14 00:00:00-04:00,183.57,184.3,183.39,183.86,14792820
2020-09-15 00:00:00-04:00,184.46,184.67,182.92,183.47,7446791
2020-09-16 00:00:00-04:00,184.98,185.01,183.33,183.95,11812641
2020-09-17 00:00:00-04:00,181.92,183.09,181.48,182.97,7894844
2020-09-18 00:00:00-04:00,183.07,184.09,182.64,183.17,8278178
2020-09-21 00:00:00-04:00,179.84,180.29,176.75,179.49,15877761
2020-09-22 00:00:00-04:00,179.63,180.02,178.11,178.63,6921558
2020-09-23 00:00:00-04:00,176.98,177.26,174.1,174.79,16625468
2020-09-24 00:00:00-04:00,174.36,176.235,173.77,175.43,10467180
2020-09-25 00:00:00-04:00,174.41,175.3,173.89,174.94,6064097
2020-09-28 00:00:00-04:00,175.83,176.805,175.09,176.68,6358864
2020-09-29 00:00:00-04:00,177.18,178.33,176.95,178.21,7701378
2020-09-30 00:00:00-04:00,177.71,178.61,176.66,177.15,7731431
2020-10-01 00:00:00-04:00,178.69,179.5,178.0375,178.69,9450118
2020-10-02 00:00:00-04:00,178.71,179.29,178.16,178.52,6496476
2020-10-05 00:00:00-04:00,179.02,180.14,178.9,179.39,6323683
2020-10-06 00:00:00-04:00,180.16,180.37,177.0513,177.25,7880350
2020-10-07 00:00:00-04:00,177.09,177.42,176.43,177.2,5923907
2020-10-08 00:00:00-04:00,178.18,178.45,176.67,177.87,6151831
2020-10-09 00:00:00-04:00,180.13,181.17,179.93,181.08,12089395
2020-10-12 00:00:00-04:00,180.57,180.83,180.19,180.56,4526944
2020-10-13 00:00:00-04:00,178.57,178.6,177.1,177.7,7450085
2020-10-14 00:00:00-04:00,179.09,179.59,178.27,178.27,8428093
2020-10-15 00:00:00-04:00,177.71,179.15,177.59,178.94,6331875
2020-10-16 00:00:00-04:00,179.22,179.32,178.13,178.3,6711697
2020-10-19 00:00:00-04:00,179.41,179.475,178.37,178.38,4931643
2020-10-20 00:00:00-04:00,178.54,179.67,178.08,179.25,6527165
2020-10-21 00:00:00-04:00,180.47,181.31,180.23,180.65,6168537
2020-10-22 00:00:00-04:00,178.8767,179.027,177.72,178.85,7587081
2020-10-23 00:00:00-04:00,179.09,179.2,177.76,178.66,5459367
2020-10-26 00:00:00-04:00,178.75,179.14,178.22,178.54,4679896
2020-10-27 00:00:00-04:00,178.71,179.43,178.51,179.06,5314088
2020-10-28 00:00:00-04:00,176.45,176.85,175.44,176.13,9886564
2020-10-29 00:00:00-04:00,175.02,176.14,174.83,175.41,7153390
2020-10-30 00:00:00-04:00,177.18,177.36,175.95,176.2,6720803
2020-11-02 00:00:00-05:00,177.4499,177.925,177.1301,177.9,6065736
2020-11-03 00:00:00-05:00,178.95,179.39,178.3,178.92,6776879
2020-11-04 00:00:00-05:00,178.93,179.19,177.66,178.81,9843659
2020-11-05 00:00:00-05:00,181.0,183.285,180.97,182.92,14794385
2020-11-06 00:00:00-05:00,183.4,183.53,182.19,183.21,8253934
2020-11-09 00:00:00-05:00,176.42,176.45,173.64,175.09,27627104
2020-11-10 00:00:00-05:00,176.75,176.91,175.66,175.69,10023286
2020-11-11 00:00:00-05:00,174.695,175.28,174.435,174.9,8365257
2020-11-12 00:00:00-05:00,176.04,176.765,175.84,175.97,6700762
2020-11-13 00:00:00-05:00,177.65,177.8,176.84,177.09,5312692
2020-11-16 00:00:00-05:00,177.23,177.91,177.0071,177.13,4623188
2020-11-17 00:00:00-05:00,177.26,177.44,176.0903,176.48,7534461
2020-11-18 00:00:00-05:00,176.26,176.86,175.35,175.5,6909492
2020-11-19 00:00:00-05:00,174.3,175.22,174.17,175.16,6103005
2020-11-20 00:00:00-05:00,176.14,176.38,175.58,175.72,5677492
2020-11-23 00:00:00-05:00,175.1,175.24,171.78,172.23,14880096
2020-11-24 00:00:00-05:00,169.3,169.69,168.86,169.59,18082925
2020-11-25 00:00:00-05:00,169.98,170.52,169.24,169.51,9336408
2020-11-27 00:00:00-05:00,166.9,167.8298,166.78,167.77,17716783
2020-11-30 00:00:00-05:00,166.68,167.43,166.03,166.6839,12287216
2020-12-01 00:00:00-05:00,169.76,170.48,169.3,170.2,12505735
2020-12-02 00:00:00-05:00,170.57,171.76,170.15,171.49,8239196
2020-12-03 00:00:00-05:00,172.64,172.85,171.08,172.8,9454964
2020-12-04 00:00:00-05:00,172.78,173.32,171.59,172.31,8689056
2020-12-07 00:00:00-05:00,172.56,175.29,172.51,174.86,9662554
2020-12-08 00:00:00-05:00,175.51,175.93,174.72,175.5,5245184
2020-12-09 00:00:00-05:00,173.92,174.0399,171.24,172.455,10064071
2020-12-10 00:00:00-05:00,172.9,173.58,171.7,172.19,6232399
2020-12-11 00:00:00-05:00,172.25,173.32,172.11,172.51,5829723
2020-12-14 00:00:00-05:00,171.91,172.52,170.91,171.51,6830086
2020-12-15 00:00:00-05:00,173.43,173.9799,173.055,173.96,6451811
2020-12-16 00:00:00-05:00,174.13,175.015,173.02,174.89,7853341
2020-12-17 00:00:00-05:00,177.15,177.87,176.575,176.74,8976438
2020-12-18 00:00:00-05:00,176.65,176.98,176.1,176.43,6226077
2020-12-21 00:00:00-05:00,176.29,176.94,175.76,175.92,7163909
2020-12-22 00:00:00-05:00,176.2,176.34,174.34,174.59,7792459
2020-12-23 00:00:00-05:00,175.1,176.21,175.06,175.67,5710473
2020-12-24 00:00:00-05:00,175.55,176.37,175.5145,176.32,3334096
2020-12-28 00:00:00-05:00,177.26,177.91,175.625,175.75,7493794
2020-12-29 00:00:00-05:00,176.25,176.97,175.57,176.33,5643264
2020-12-30 00:00:00-05:00,176.44,177.72,176.44,177.69,5158449
2020-12-31 00:00:00-05:00,178.07,178.4,177.32,178.37,6851607
2021-01-04 00:00:00-05:00,181.97,182.4,180.955,182.31,13394205
2021-01-05 00:00:00-05:00,182.87,183.21,181.8239,182.87,11635641
2021-01-06 00:00:00-05:00,181.49,181.58,178.24,179.9,17394010
2021-01-07 00:00:00-05:00,179.69,179.92,178.84,179.46,6767587
2021-01-08 00:00:00-05:00,176.83,176.9899,171.48,173.32,23032300
2021-01-11 00:00:00-05:00,172.14,173.68,172.03,173.0,7545031
2021-01-12 00:00:00-05:00,173.13,174.18,172.32,174.07,9326911
2021-01-13 00:00:00-05:00,173.68,174.46,173.05,173.37,12811187
2021-01-14 00:00:00-05:00,173.44,174.22,172.655,173.24,11344351
2021-01-15 00:00:00-05:00,172.8437,173.07,170.975,171.15,14531685
2021-01-19 00:00:00-05:00,172.71,172.85,171.92,172.58,6669222
2021-01-20 00:00:00-05:00,174.37,175.467,173.82,175.38,7204517
2021-01-21 00:00:00-05:00,175.11,175.51,174.51,175.26,4969523
2021-01-22 00:00:00-05:00,172.89,174.29,172.35,173.89,6402975
2021-01-25 00:00:00-05:00,174.8199,174.96,173.19,174.05,5081366
2021-01-26 00:00:00-05:00,173.98,174.26,173.4202,173.61,4274476
2021-01-27 00:00:00-05:00,172.93,173.52,171.66,172.53,8570059
2021-01-28 00:00:00-05:00,174.28,174.73,172.04,172.69,8791153
2021-01-29 00:00:00-05:00,174.87,175.1633,172.67,172.72,9880228
2021-02-01 00:00:00-05:00,175.02,175.26,174.06,174.24,8518516
2021-02-02 00:00:00-05:00,172.49,172.53,171.51,172.14,6288011
2021-02-03 00:00:00-05:00,172.36,172.5901,171.5,171.81,4026179
2021-02-04 00:00:00-05:00,168.29,168.395,167.34,168.13,12495716
2021-02-05 00:00:00-05:00,168.99,170.18,168.67,169.81,6103735
2021-02-08 00:00:00-05:00,171.9799,172.4,171.49,171.5,6363135
2021-02-09 00:00:00-05:00,172.57,173.03,171.75,172.1,4769447
2021-02-10 00:00:00-05:00,173.15,173.22,172.01,172.74,5622433
2021-02-11 00:00:00-05:00,172.7,172.871,170.71,171.22,5748731
2021-02-12 00:00:00-05:00,170.29,171.65,169.88,170.71,5563128
2021-02-16 00:00:00-05:00,168.14,170.065,167.73,168.26,12528268
2021-02-17 00:00:00-05:00,166.92,167.34,165.85,166.32,10699567
2021-02-18 00:00:00-05:00,166.98,167.3,165.73,166.32,6943475
2021-02-19 00:00:00-05:00,166.76,167.94,166.6,167.0,7484278
2021-02-22 00:00:00-05:00,168.54,169.89,168.3,169.47,9253534
2021-02-23 00:00:00-05:00,169.48,169.74,168.28,169.12,8237885
2021-02-24 00:00:00-05:00,167.65,169.14,167.15,168.98,8205560
2021-02-25 00:00:00-05:00,166.92,167.66,165.45,165.82,15434666
2021-02-26 00:00:00-05:00,165.0,165.1,160.95,161.8,21842955
2021-03-01 00:00:00-05:00,163.03,163.35,161.16,161.55,13008774
2021-03-02 00:00:00-05:00,161.93,162.925,161.22,162.4,10845816
2021-03-03 00:00:00-05:00,160.61,161.69,159.485,160.63,12613526
2021-03-04 00:00:00-05:00,160.6,161.455,158.43,159.04,13126181
2021-03-05 00:00:00-05:00,159.66,159.82,158.55,159.12,10109444
2021-03-08 00:00:00-05:00,158.58,158.74,157.1297,157.49,11468831
2021-03-09 00:00:00-05:00,160.75,161.2521,160.415,160.83,9570542
2021-03-10 00:00:00-05:00,161.06,161.78,160.66,161.66,7409215
2021-03-11 00:00:00-05:00,161.47,161.98,161.12,161.51,6074490
2021-03-12 00:00:00-05:00,159.54,161.69,159.35,161.48,7963595
2021-03-15 00:00:00-04:00,162.305,162.55,161.43,162.2,7404523
2021-03-16 00:00:00-04:00,162.36,163.2,161.81,162.36,7298797
2021-03-17 00:00:00-04:00,162.268,164.15,161.48,163.53,11646477
2021-03-18 00:00:00-04:00,161.15,162.82,161.11,162.57,8310784
2021-03-19 00:00:00-04:00,162.56,163.43,162.4299,163.27,6006842
2021-03-22 00:00:00-04:00,162.27,163.13,162.16,163.01,4061241
2021-03-23 00:00:00-04:00,162.45,162.49,161.592,161.82,5638076
2021-03-24 00:00:00-04:00,162.21,162.89,161.94,162.36,5433009
2021-03-25 00:00:00-04:00,163.0599,163.5799,161.32,161.81,7846248
2021-03-26 00:00:00-04:00,161.71,162.73,161.6499,162.27,4869138
2021-03-29 00:00:00-04:00,161.46,161.52,159.83,160.35,7560223
2021-03-30 00:00:00-04:00,157.94,158.2,157.55,157.565,7388137
2021-03-31 00:00:00-04:00,158.06,160.68,158.05,160.01,10089412
2021-04-01 00:00:00-04:00,161.56,162.11,161.28,161.98,6458999
2021-04-05 00:00:00-04:00,161.555,162.4047,161.36,161.9,5746481
2021-04-06 00:00:00-04:00,162.79,163.53,162.75,163.23,6226384
2021-04-07 00:00:00-04:00,162.82,163.31,162.5,162.77,5114171
2021-04-08 00:00:00-04:00,164.1679,164.77,164.14,164.52,6284797
2021-04-09 00:00:00-04:00,162.75,163.66,162.48,163.28,5881204
2021-04-12 00:00:00-04:00,162.73,162.8,161.81,162.3,4543219
2021-04-13 00:00:00-04:00,163.18,163.85,163.03,163.44,6272135
2021-04-14 00:00:00-04:00,162.77,163.05,162.3,162.72,5028617
2021-04-15 00:00:00-04:00,164.07,165.79,164.03,165.33,7798371
2021-04-16 00:00:00-04:00,166.24,166.811,165.94,166.37,8585273
2021-04-19 00:00:00-04:00,165.91,166.44,165.72,165.9,5223980
2021-04-20 00:00:00-04:00,165.65,166.81,165.62,166.49,6171203
2021-04-21 00:00:00-04:00,167.18,168.39,167.15,168.13,8014864
2021-04-22 00:00:00-04:00,167.11,167.53,166.4901,167.05,7123463
2021-04-23 00:00:00-04:00,167.37,167.53,165.78,166.39,6727197
2021-04-26 00:00:00-04:00,166.63,166.865,166.05,166.84,4531131
2021-04-27 00:00:00-04:00,166.92,167.15,166.28,166.42,5081203
2021-04-28 00:00:00-04:00,165.75,166.96,165.49,166.93,6402206
2021-04-29 00:00:00-04:00,165.58,166.26,164.47,166.26,8376038
2021-04-30 00:00:00-04:00,165.86,166.0,165.24,165.67,5901483
2021-05-03 00:00:00-04:00,167.61,168.43,167.41,167.84,8001953
2021-05-04 00:00:00-04:00,167.69,168.55,165.5,166.56,9845207
2021-05-05 00:00:00-04:00,166.63,167.31,166.61,167.31,5600871
2021-05-06 00:00:00-04:00,167.95,170.29,167.92,170.06,13110926
2021-05-07 00:00:00-04:00,171.53,172.5501,171.0,171.6,13278342
2021-05-10 00:00:00-04:00,172.74,172.84,171.78,172.14,7749439
2021-05-11 00:00:00-04:00,170.5582,172.17,170.27,172.15,7729551
2021-05-12 00:00:00-04:00,171.4321,171.835,170.345,170.43,10760099
2021-05-13 00:00:00-04:00,170.35,171.27,170.225,171.14,7426952
2021-05-14 00:00:00-04:00,172.05,172.7,171.82,172.68,8895263
